{
    "music.elevator": {
        "sounds": [
            {
                "name": "music/elevator1"
            },
            {
                "name": "music/elevator2"
            }
        ],
        "subtitle": "Elevator music"
    },
    "music.april_showers": {
        "sounds": [
            {
                "name": "music/april_showers"
            }
        ],
        "subtitle": "Funky music"
    },
    "music.ussr_anthem": {
        "sounds": [
            {
                "name": "music/ussr_anthem"
            }
        ],
        "subtitle": "USSR anthem"
    },
    "music.wii_store": {
        "sounds": [
            {
                "name": "music/wii_store"
            }
        ],
        "subtitle": "Wii store music"
    }
}
