{
    "music.elevator": {
        "sounds": [
            {
                "name": "music/elevator1"
            },
            {
                "name": "music/elevator2"
            }
        ],
        "subtitle": "Elevator music"
    },
    "music.april_showers": {
        "sounds": [
            {
                "name": "music/april_showers"
            }
        ],
        "subtitle": "Funky music"
    },
    "music.despacito": {
        "sounds": [
            {
                "name": "music/despacito"
            }
        ],
        "subtitle": "Despacito"
    },
    "music.megalovania": {
        "sounds": [
            {
                "name": "music/megalovania"
            }
        ],
        "subtitle": "Megalovania"
    },
    "music.rickroll": {
        "sounds": [
            {
                "name": "music/rickroll"
            }
        ],
        "subtitle": "Rickroll"
    },
    "music.ussr_anthem": {
        "sounds": [
            {
                "name": "music/ussr_anthem"
            }
        ],
        "subtitle": "USSR anthem"
    },
    "music.wii_store": {
        "sounds": [
            {
                "name": "music/wii_store"
            }
        ],
        "subtitle": "Wii store music"
    },
    "music.wii": {
        "sounds": [
            {
                "name": "music/wii"
            }
        ],
        "subtitle": "Wii music"
    }
}